filename,species,species_confidence,family,family_confidence,quality,export_path,crop_path,crops_json,primary_crop_index,scene_count,feature_similarity,feature_confidence,color_similarity,color_confidence,similar,secondary_species_list,secondary_species_scores,secondary_family_list,secondary_family_scores,exposure_correction,exposure_pipeline,exposure_subject_stops,exposure_meter_scale,detection_scores,capture_time,orientation
IMG_1440.CR3,Orange-crowned Warbler,0.8605866432189941,Warbler sp.,0.9088945984840393,0.8511015389416668,.kestrel\export\IMG_1440_export.jpg,.kestrel\crop\IMG_1440_crop_0.jpg,"[{""crop_index"": 0, ""crop_path"": "".kestrel\\crop\\IMG_1440_crop_0.jpg"", ""detection_index"": 0, ""detection_confidence"": 0.9992306232452393, ""species"": ""Orange-crowned Warbler"", ""species_confidence"": 0.8605866432189941, ""family"": ""Warbler sp."", ""family_confidence"": 0.9088945984840393, ""quality"": 0.8511015389416668, ""rating"": 5, ""exposure_correction"": 2.4649, ""exposure_pipeline"": ""no_auto_bright_metered_v1"", ""exposure_subject_stops"": 1.8669, ""exposure_meter_scale"": 1.513645, ""bbox"": {""x_min"": 2345, ""x_max"": 4531, ""y_min"": 1375, ""y_max"": 3561, ""width"": 2186, ""height"": 2186, ""x_min_norm"": 0.33576746849942724, ""x_max_norm"": 0.6487686139747996, ""y_min_norm"": 0.29506437768240346, ""y_max_norm"": 0.7641630901287554, ""x_center_norm"": 0.49226804123711343, ""y_center_norm"": 0.5296137339055794}}]",0,1,-1,-1,-1,-1,False,"[""Orange-crowned Warbler""]",[0.8605866432189941],"[""Warbler sp.""]",[0.9088945984840393],2.4649,no_auto_bright_metered_v1,1.8669,1.513645,[0.9992306232452393],2026-04-02T07:25:00,landscape
IMG_1441.CR3,Orange-crowned Warbler,0.7186083793640137,Warbler sp.,0.7790389657020569,0.8131853275317483,.kestrel\export\IMG_1441_export.jpg,.kestrel\crop\IMG_1441_crop_0.jpg,"[{""crop_index"": 0, ""crop_path"": "".kestrel\\crop\\IMG_1441_crop_0.jpg"", ""detection_index"": 0, ""detection_confidence"": 0.9985758066177368, ""species"": ""Orange-crowned Warbler"", ""species_confidence"": 0.7186083793640137, ""family"": ""Warbler sp."", ""family_confidence"": 0.7790389657020569, ""quality"": 0.8131853275317483, ""rating"": 4, ""exposure_correction"": 1.9321, ""exposure_pipeline"": ""no_auto_bright_metered_v1"", ""exposure_subject_stops"": 1.3263, ""exposure_meter_scale"": 1.52185, ""bbox"": {""x_min"": 2438, ""x_max"": 4624, ""y_min"": 1324, ""y_max"": 3510, ""width"": 2186, ""height"": 2186, ""x_min_norm"": 0.3490836197021764, ""x_max_norm"": 0.6620847651775487, ""y_min_norm"": 0.28412017167381975, ""y_max_norm"": 0.7532188841201717, ""x_center_norm"": 0.5055841924398625, ""y_center_norm"": 0.5186695278969957}}]",0,1,-1.0,-1.0,-1.0,-1.0,True,"[""Orange-crowned Warbler""]",[0.7186083793640137],"[""Warbler sp.""]",[0.7790389657020569],1.9321,no_auto_bright_metered_v1,1.3263,1.52185,[0.9985758066177368],2026-04-02T07:25:01,landscape
IMG_1442.CR3,Orange-crowned Warbler,0.863647997379303,Warbler sp.,0.905444860458374,0.7402548400549678,.kestrel\export\IMG_1442_export.jpg,.kestrel\crop\IMG_1442_crop_0.jpg,"[{""crop_index"": 0, ""crop_path"": "".kestrel\\crop\\IMG_1442_crop_0.jpg"", ""detection_index"": 0, ""detection_confidence"": 0.9988504648208618, ""species"": ""Orange-crowned Warbler"", ""species_confidence"": 0.863647997379303, ""family"": ""Warbler sp."", ""family_confidence"": 0.905444860458374, ""quality"": 0.7402548400549678, ""rating"": 4, ""exposure_correction"": 2.17, ""exposure_pipeline"": ""no_auto_bright_metered_v1"", ""exposure_subject_stops"": 1.5548, ""exposure_meter_scale"": 1.53172, ""bbox"": {""x_min"": 2595, ""x_max"": 4746, ""y_min"": 1298, ""y_max"": 3449, ""width"": 2151, ""height"": 2151, ""x_min_norm"": 0.3715635738831615, ""x_max_norm"": 0.679553264604811, ""y_min_norm"": 0.27854077253218884, ""y_max_norm"": 0.7401287553648068, ""x_center_norm"": 0.5255584192439863, ""y_center_norm"": 0.5093347639484979}}]",0,1,-1.0,-1.0,-1.0,-1.0,True,"[""Orange-crowned Warbler""]",[0.863647997379303],"[""Warbler sp.""]",[0.905444860458374],2.17,no_auto_bright_metered_v1,1.5548,1.53172,[0.9988504648208618],2026-04-02T07:25:02,landscape
IMG_1443.CR3,Orange-crowned Warbler,0.3518616557121277,Warbler sp.,0.7265297770500183,0.3046949847046472,.kestrel\export\IMG_1443_export.jpg,.kestrel\crop\IMG_1443_crop_0.jpg,"[{""crop_index"": 0, ""crop_path"": "".kestrel\\crop\\IMG_1443_crop_0.jpg"", ""detection_index"": 0, ""detection_confidence"": 0.995390772819519, ""species"": ""Orange-crowned Warbler"", ""species_confidence"": 0.3518616557121277, ""family"": ""Warbler sp."", ""family_confidence"": 0.7265297770500183, ""quality"": 0.3046949847046472, ""rating"": 2, ""exposure_correction"": 2.4475, ""exposure_pipeline"": ""no_auto_bright_metered_v1"", ""exposure_subject_stops"": 1.775, ""exposure_meter_scale"": 1.593856, ""bbox"": {""x_min"": 2295, ""x_max"": 4516, ""y_min"": 1668, ""y_max"": 3889, ""width"": 2221, ""height"": 2221, ""x_min_norm"": 0.3286082474226804, ""x_max_norm"": 0.6466208476517755, ""y_min_norm"": 0.3579399141630901, ""y_max_norm"": 0.8345493562231759, ""x_center_norm"": 0.48761454753722794, ""y_center_norm"": 0.5962446351931331}}]",0,1,-1.0,-1.0,-1.0,-1.0,True,"[""Orange-crowned Warbler""]",[0.3518616557121277],"[""Warbler sp.""]",[0.7265297770500183],2.4475,no_auto_bright_metered_v1,1.775,1.593856,[0.995390772819519],2026-04-02T07:25:03,landscape
IMG_1444.CR3,Orange-crowned Warbler,0.3592436611652374,Warbler sp.,0.5216506123542786,0.22445602604210818,.kestrel\export\IMG_1444_export.jpg,.kestrel\crop\IMG_1444_crop_0.jpg,"[{""crop_index"": 0, ""crop_path"": "".kestrel\\crop\\IMG_1444_crop_0.jpg"", ""detection_index"": 0, ""detection_confidence"": 0.9994465708732605, ""species"": ""Orange-crowned Warbler"", ""species_confidence"": 0.3592436611652374, ""family"": ""Warbler sp."", ""family_confidence"": 0.5216506123542786, ""quality"": 0.22445602604210818, ""rating"": 2, ""exposure_correction"": 2.4524, ""exposure_pipeline"": ""no_auto_bright_metered_v1"", ""exposure_subject_stops"": 1.7861, ""exposure_meter_scale"": 1.587062, ""bbox"": {""x_min"": 2180, ""x_max"": 4273, ""y_min"": 1703, ""y_max"": 3796, ""width"": 2093, ""height"": 2093, ""x_min_norm"": 0.31214203894616266, ""x_max_norm"": 0.6118270332187858, ""y_min_norm"": 0.365450643776824, ""y_max_norm"": 0.8145922746781116, ""x_center_norm"": 0.46198453608247425, ""y_center_norm"": 0.5900214592274678}}]",0,1,-1.0,-1.0,-1.0,-1.0,True,"[""Orange-crowned Warbler""]",[0.3592436611652374],"[""Warbler sp.""]",[0.5216506123542786],2.4524,no_auto_bright_metered_v1,1.7861,1.587062,[0.9994465708732605],2026-04-02T07:25:04,landscape
IMG_1445.CR3,Orange-crowned Warbler,0.4964714050292969,Warbler sp.,0.6953713893890381,0.2322531231352856,.kestrel\export\IMG_1445_export.jpg,.kestrel\crop\IMG_1445_crop_0.jpg,"[{""crop_index"": 0, ""crop_path"": "".kestrel\\crop\\IMG_1445_crop_0.jpg"", ""detection_index"": 0, ""detection_confidence"": 0.9994024038314819, ""species"": ""Orange-crowned Warbler"", ""species_confidence"": 0.4964714050292969, ""family"": ""Warbler sp."", ""family_confidence"": 0.6953713893890381, ""quality"": 0.2322531231352856, ""rating"": 2, ""exposure_correction"": 2.4645, ""exposure_pipeline"": ""no_auto_bright_metered_v1"", ""exposure_subject_stops"": 1.7928, ""exposure_meter_scale"": 1.592912, ""bbox"": {""x_min"": 2106, ""x_max"": 4222, ""y_min"": 1680, ""y_max"": 3796, ""width"": 2116, ""height"": 2116, ""x_min_norm"": 0.3015463917525773, ""x_max_norm"": 0.604524627720504, ""y_min_norm"": 0.3605150214592275, ""y_max_norm"": 0.8145922746781116, ""x_center_norm"": 0.45303550973654066, ""y_center_norm"": 0.5875536480686695}}]",0,1,-1.0,-1.0,-1.0,-1.0,True,"[""Orange-crowned Warbler""]",[0.4964714050292969],"[""Warbler sp.""]",[0.6953713893890381],2.4645,no_auto_bright_metered_v1,1.7928,1.592912,[0.9994024038314819],2026-04-02T07:25:05,landscape
IMG_1446.CR3,Orange-crowned Warbler,0.5482719540596008,Warbler sp.,0.8387619853019714,0.3102158103166936,.kestrel\export\IMG_1446_export.jpg,.kestrel\crop\IMG_1446_crop_0.jpg,"[{""crop_index"": 0, ""crop_path"": "".kestrel\\crop\\IMG_1446_crop_0.jpg"", ""detection_index"": 0, ""detection_confidence"": 0.9761389493942261, ""species"": ""Orange-crowned Warbler"", ""species_confidence"": 0.5482719540596008, ""family"": ""Warbler sp."", ""family_confidence"": 0.8387619853019714, ""quality"": 0.3102158103166936, ""rating"": 2, ""exposure_correction"": 2.2073, ""exposure_pipeline"": ""no_auto_bright_metered_v1"", ""exposure_subject_stops"": 1.5738, ""exposure_meter_scale"": 1.551417, ""bbox"": {""x_min"": 1969, ""x_max"": 4249, ""y_min"": 1310, ""y_max"": 3590, ""width"": 2280, ""height"": 2280, ""x_min_norm"": 0.28193012600229095, ""x_max_norm"": 0.6083906071019473, ""y_min_norm"": 0.2811158798283262, ""y_max_norm"": 0.7703862660944206, ""x_center_norm"": 0.4451603665521191, ""y_center_norm"": 0.5257510729613734}}]",0,1,0.54,1.0,0,0,True,"[""Orange-crowned Warbler""]",[0.5482719540596008],"[""Warbler sp.""]",[0.8387619853019714],2.2073,no_auto_bright_metered_v1,1.5738,1.551417,[0.9761389493942261],2026-04-02T07:25:06,landscape
IMG_1447.CR3,Orange-crowned Warbler,0.6716734766960144,Warbler sp.,0.7165290713310242,0.5348767981685038,.kestrel\export\IMG_1447_export.jpg,.kestrel\crop\IMG_1447_crop_0.jpg,"[{""crop_index"": 0, ""crop_path"": "".kestrel\\crop\\IMG_1447_crop_0.jpg"", ""detection_index"": 0, ""detection_confidence"": 0.9888112545013428, ""species"": ""Orange-crowned Warbler"", ""species_confidence"": 0.6716734766960144, ""family"": ""Warbler sp."", ""family_confidence"": 0.7165290713310242, ""quality"": 0.5348767981685038, ""rating"": 3, ""exposure_correction"": 2.2815, ""exposure_pipeline"": ""no_auto_bright_metered_v1"", ""exposure_subject_stops"": 1.6464, ""exposure_meter_scale"": 1.553078, ""bbox"": {""x_min"": 2181, ""x_max"": 4239, ""y_min"": 1688, ""y_max"": 3746, ""width"": 2058, ""height"": 2058, ""x_min_norm"": 0.3122852233676976, ""x_max_norm"": 0.6069587628865979, ""y_min_norm"": 0.3622317596566524, ""y_max_norm"": 0.803862660944206, ""x_center_norm"": 0.45962199312714774, ""y_center_norm"": 0.5830472103004292}}]",0,1,-1.0,-1.0,-1.0,-1.0,True,"[""Orange-crowned Warbler""]",[0.6716734766960144],"[""Warbler sp.""]",[0.7165290713310242],2.2815,no_auto_bright_metered_v1,1.6464,1.553078,[0.9888112545013428],2026-04-02T07:25:07,landscape
IMG_1448.CR3,Orange-crowned Warbler,0.8536837100982666,Warbler sp.,0.9057533740997314,0.49496577142268755,.kestrel\export\IMG_1448_export.jpg,.kestrel\crop\IMG_1448_crop_0.jpg,"[{""crop_index"": 0, ""crop_path"": "".kestrel\\crop\\IMG_1448_crop_0.jpg"", ""detection_index"": 0, ""detection_confidence"": 0.9986352324485779, ""species"": ""Orange-crowned Warbler"", ""species_confidence"": 0.8536837100982666, ""family"": ""Warbler sp."", ""family_confidence"": 0.9057533740997314, ""quality"": 0.49496577142268755, ""rating"": 3, ""exposure_correction"": 2.4406, ""exposure_pipeline"": ""no_auto_bright_metered_v1"", ""exposure_subject_stops"": 1.7564, ""exposure_meter_scale"": 1.606807, ""bbox"": {""x_min"": 2681, ""x_max"": 4750, ""y_min"": 1657, ""y_max"": 3726, ""width"": 2069, ""height"": 2069, ""x_min_norm"": 0.3838774341351661, ""x_max_norm"": 0.6801260022909508, ""y_min_norm"": 0.3555793991416309, ""y_max_norm"": 0.7995708154506438, ""x_center_norm"": 0.5320017182130584, ""y_center_norm"": 0.5775751072961374}}, {""crop_index"": 1, ""crop_path"": "".kestrel\\crop\\IMG_1448_crop_1.jpg"", ""detection_index"": 1, ""detection_confidence"": 0.785502016544342, ""species"": ""Vaux's Swift"", ""species_confidence"": 0.2597289979457855, ""family"": ""Swift sp."", ""family_confidence"": 0.42143362760543823, ""quality"": 0.1497333961931312, ""rating"": 1, ""exposure_correction"": 1.8956, ""exposure_pipeline"": ""no_auto_bright_metered_v1"", ""exposure_subject_stops"": 1.2114, ""exposure_meter_scale"": 1.606807, ""bbox"": {""x_min"": 2816, ""x_max"": 4056, ""y_min"": 1209, ""y_max"": 2449, ""width"": 1240, ""height"": 1240, ""x_min_norm"": 0.4032073310423826, ""x_max_norm"": 0.5807560137457045, ""y_min_norm"": 0.2594420600858369, ""y_max_norm"": 0.5255364806866952, ""x_center_norm"": 0.4919816723940435, ""y_center_norm"": 0.3924892703862661}}]",0,1,-1.0,-1.0,-1.0,-1.0,True,"[""Orange-crowned Warbler"", ""Vaux's Swift""]","[0.8536837100982666, 0.2597289979457855]","[""Warbler sp."", ""Swift sp.""]","[0.9057533740997314, 0.42143362760543823]",2.4406,no_auto_bright_metered_v1,1.7564,1.606807,"[0.9986352324485779, 0.785502016544342]",2026-04-02T07:25:08,landscape
IMG_1449.CR3,Orange-crowned Warbler,0.8512496948242188,Warbler sp.,0.8770582675933838,0.5641582173473113,.kestrel\export\IMG_1449_export.jpg,.kestrel\crop\IMG_1449_crop_0.jpg,"[{""crop_index"": 0, ""crop_path"": "".kestrel\\crop\\IMG_1449_crop_0.jpg"", ""detection_index"": 0, ""detection_confidence"": 0.9989423155784607, ""species"": ""Orange-crowned Warbler"", ""species_confidence"": 0.8512496948242188, ""family"": ""Warbler sp."", ""family_confidence"": 0.8770582675933838, ""quality"": 0.5641582173473113, ""rating"": 3, ""exposure_correction"": 2.4253, ""exposure_pipeline"": ""no_auto_bright_metered_v1"", ""exposure_subject_stops"": 1.736, ""exposure_meter_scale"": 1.612402, ""bbox"": {""x_min"": 2627, ""x_max"": 4685, ""y_min"": 1552, ""y_max"": 3610, ""width"": 2058, ""height"": 2058, ""x_min_norm"": 0.3761454753722795, ""x_max_norm"": 0.6708190148911798, ""y_min_norm"": 0.33304721030042916, ""y_max_norm"": 0.7746781115879828, ""x_center_norm"": 0.5234822451317297, ""y_center_norm"": 0.553862660944206}}]",0,1,-1.0,-1.0,-1.0,-1.0,True,"[""Orange-crowned Warbler""]",[0.8512496948242188],"[""Warbler sp.""]",[0.8770582675933838],2.4253,no_auto_bright_metered_v1,1.736,1.612402,[0.9989423155784607],2026-04-02T07:25:09,landscape
IMG_3633.CR3,Rufous Hummingbird,0.8348915576934814,Hummingbird sp.,0.9090432524681091,0.6745082990647783,.kestrel\export\IMG_3633_export.jpg,.kestrel\crop\IMG_3633_crop_0.jpg,"[{""crop_index"": 0, ""crop_path"": "".kestrel\\crop\\IMG_3633_crop_0.jpg"", ""detection_index"": 0, ""detection_confidence"": 0.9914728403091431, ""species"": ""Rufous Hummingbird"", ""species_confidence"": 0.8348915576934814, ""family"": ""Hummingbird sp."", ""family_confidence"": 0.9090432524681091, ""quality"": 0.6745082990647783, ""rating"": 4, ""exposure_correction"": 0.0328, ""exposure_pipeline"": ""no_auto_bright_metered_v1"", ""exposure_subject_stops"": 0.1903, ""exposure_meter_scale"": 0.896603, ""bbox"": {""x_min"": 2090, ""x_max"": 4101, ""y_min"": 1325, ""y_max"": 3336, ""width"": 2011, ""height"": 2011, ""x_min_norm"": 0.2992554410080183, ""x_max_norm"": 0.5871993127147767, ""y_min_norm"": 0.2843347639484979, ""y_max_norm"": 0.7158798283261802, ""x_center_norm"": 0.44322737686139746, ""y_center_norm"": 0.5001072961373391}}]",0,2,0.0037243947858473,0.79,0,0,False,"[""Rufous Hummingbird""]",[0.8348915576934814],"[""Hummingbird sp.""]",[0.9090432524681091],0.0328,no_auto_bright_metered_v1,0.1903,0.896603,[0.9914728403091431],2026-04-02T07:30:00,landscape
IMG_3634.CR3,Rufous Hummingbird,0.5034270882606506,Hummingbird sp.,0.6753969788551331,0.29985275539687334,.kestrel\export\IMG_3634_export.jpg,.kestrel\crop\IMG_3634_crop_0.jpg,"[{""crop_index"": 0, ""crop_path"": "".kestrel\\crop\\IMG_3634_crop_0.jpg"", ""detection_index"": 0, ""detection_confidence"": 0.9952131509780884, ""species"": ""Rufous Hummingbird"", ""species_confidence"": 0.5034270882606506, ""family"": ""Hummingbird sp."", ""family_confidence"": 0.6753969788551331, ""quality"": 0.29985275539687334, ""rating"": 2, ""exposure_correction"": 0.1268, ""exposure_pipeline"": ""no_auto_bright_metered_v1"", ""exposure_subject_stops"": 0.287, ""exposure_meter_scale"": 0.894902, ""bbox"": {""x_min"": 1439, ""x_max"": 3625, ""y_min"": 1859, ""y_max"": 4045, ""width"": 2186, ""height"": 2186, ""x_min_norm"": 0.20604238258877433, ""x_max_norm"": 0.5190435280641467, ""y_min_norm"": 0.39892703862660944, ""y_max_norm"": 0.8680257510729614, ""x_center_norm"": 0.36254295532646047, ""y_center_norm"": 0.6334763948497855}}]",0,2,-1.0,-1.0,-1.0,-1.0,True,"[""Rufous Hummingbird""]",[0.5034270882606506],"[""Hummingbird sp.""]",[0.6753969788551331],0.1268,no_auto_bright_metered_v1,0.287,0.894902,[0.9952131509780884],2026-04-02T07:30:01,landscape
IMG_3635.CR3,Rufous Hummingbird,0.8893319964408875,Hummingbird sp.,0.9349782466888428,0.4587899544947616,.kestrel\export\IMG_3635_export.jpg,.kestrel\crop\IMG_3635_crop_0.jpg,"[{""crop_index"": 0, ""crop_path"": "".kestrel\\crop\\IMG_3635_crop_0.jpg"", ""detection_index"": 0, ""detection_confidence"": 0.9972556233406067, ""species"": ""Rufous Hummingbird"", ""species_confidence"": 0.8893319964408875, ""family"": ""Hummingbird sp."", ""family_confidence"": 0.9349782466888428, ""quality"": 0.4587899544947616, ""rating"": 3, ""exposure_correction"": 0.2744, ""exposure_pipeline"": ""no_auto_bright_metered_v1"", ""exposure_subject_stops"": 0.2568, ""exposure_meter_scale"": 1.012268, ""bbox"": {""x_min"": 2149, ""x_max"": 4148, ""y_min"": 2113, ""y_max"": 4112, ""width"": 1999, ""height"": 1999, ""x_min_norm"": 0.3077033218785796, ""x_max_norm"": 0.5939289805269187, ""y_min_norm"": 0.45343347639484977, ""y_max_norm"": 0.8824034334763948, ""x_center_norm"": 0.45081615120274915, ""y_center_norm"": 0.6679184549356223}}]",0,2,-1.0,-1.0,-1.0,-1.0,True,"[""Rufous Hummingbird""]",[0.8893319964408875],"[""Hummingbird sp.""]",[0.9349782466888428],0.2744,no_auto_bright_metered_v1,0.2568,1.012268,[0.9972556233406067],2026-04-02T07:30:02,landscape
IMG_3636.CR3,Rufous Hummingbird,0.8047208189964294,Hummingbird sp.,0.9147456288337708,0.4922735399381091,.kestrel\export\IMG_3636_export.jpg,.kestrel\crop\IMG_3636_crop_0.jpg,"[{""crop_index"": 0, ""crop_path"": "".kestrel\\crop\\IMG_3636_crop_0.jpg"", ""detection_index"": 0, ""detection_confidence"": 0.9980964064598083, ""species"": ""Rufous Hummingbird"", ""species_confidence"": 0.8047208189964294, ""family"": ""Hummingbird sp."", ""family_confidence"": 0.9147456288337708, ""quality"": 0.4922735399381091, ""rating"": 3, ""exposure_correction"": 0.2593, ""exposure_pipeline"": ""no_auto_bright_metered_v1"", ""exposure_subject_stops"": 0.2359, ""exposure_meter_scale"": 1.016358, ""bbox"": {""x_min"": 2023, ""x_max"": 4034, ""y_min"": 2192, ""y_max"": 4203, ""width"": 2011, ""height"": 2011, ""x_min_norm"": 0.2896620847651776, ""x_max_norm"": 0.5776059564719358, ""y_min_norm"": 0.4703862660944206, ""y_max_norm"": 0.901931330472103, ""x_center_norm"": 0.4336340206185567, ""y_center_norm"": 0.6861587982832618}}]",0,2,-1.0,-1.0,-1.0,-1.0,True,"[""Rufous Hummingbird""]",[0.8047208189964294],"[""Hummingbird sp.""]",[0.9147456288337708],0.2593,no_auto_bright_metered_v1,0.2359,1.016358,[0.9980964064598083],2026-04-02T07:30:03,landscape
IMG_6946.CR3,Mourning Dove,0.8059709668159485,Pigeon/Dove sp.,0.9965401887893677,0.27815155100611566,.kestrel\export\IMG_6946_export.jpg,.kestrel\crop\IMG_6946_crop_0.jpg,"[{""crop_index"": 0, ""crop_path"": "".kestrel\\crop\\IMG_6946_crop_0.jpg"", ""detection_index"": 0, ""detection_confidence"": 0.991201639175415, ""species"": ""Mourning Dove"", ""species_confidence"": 0.8059709668159485, ""family"": ""Pigeon/Dove sp."", ""family_confidence"": 0.9965401887893677, ""quality"": 0.27815155100611566, ""rating"": 2, ""exposure_correction"": 1.2999, ""exposure_pipeline"": ""no_auto_bright_metered_v1"", ""exposure_subject_stops"": 0.4749, ""exposure_meter_scale"": 1.771576, ""bbox"": {""x_min"": 2628, ""x_max"": 5367, ""y_min"": 1920, ""y_max"": 4659, ""width"": 2739, ""height"": 2739, ""x_min_norm"": 0.37628865979381443, ""x_max_norm"": 0.7684707903780069, ""y_min_norm"": 0.41201716738197425, ""y_max_norm"": 0.9997854077253219, ""x_center_norm"": 0.5723797250859106, ""y_center_norm"": 0.7059012875536481}}]",0,3,0.0,0.48,0,0,False,"[""Mourning Dove""]",[0.8059709668159485],"[""Pigeon/Dove sp.""]",[0.9965401887893677],1.2999,no_auto_bright_metered_v1,0.4749,1.771576,[0.991201639175415],2026-04-02T07:35:00,landscape
IMG_6947.CR3,Mourning Dove,0.8538637757301331,Pigeon/Dove sp.,0.9921053051948547,0.27976960442387966,.kestrel\export\IMG_6947_export.jpg,.kestrel\crop\IMG_6947_crop_0.jpg,"[{""crop_index"": 0, ""crop_path"": "".kestrel\\crop\\IMG_6947_crop_0.jpg"", ""detection_index"": 0, ""detection_confidence"": 0.988004744052887, ""species"": ""Mourning Dove"", ""species_confidence"": 0.8538637757301331, ""family"": ""Pigeon/Dove sp."", ""family_confidence"": 0.9921053051948547, ""quality"": 0.27976960442387966, ""rating"": 2, ""exposure_correction"": 1.2801, ""exposure_pipeline"": ""no_auto_bright_metered_v1"", ""exposure_subject_stops"": 0.4519, ""exposure_meter_scale"": 1.775487, ""bbox"": {""x_min"": 2821, ""x_max"": 5206, ""y_min"": 2118, ""y_max"": 4503, ""width"": 2385, ""height"": 2385, ""x_min_norm"": 0.4039232531500573, ""x_max_norm"": 0.745418098510882, ""y_min_norm"": 0.45450643776824035, ""y_max_norm"": 0.9663090128755365, ""x_center_norm"": 0.5746706758304696, ""y_center_norm"": 0.7104077253218885}}]",0,3,-1.0,-1.0,-1.0,-1.0,True,"[""Mourning Dove""]",[0.8538637757301331],"[""Pigeon/Dove sp.""]",[0.9921053051948547],1.2801,no_auto_bright_metered_v1,0.4519,1.775487,[0.988004744052887],2026-04-02T07:35:01,landscape
IMG_6948.CR3,Mourning Dove,0.8806261420249939,Pigeon/Dove sp.,0.9824483394622803,0.27356864598971237,.kestrel\export\IMG_6948_export.jpg,.kestrel\crop\IMG_6948_crop_0.jpg,"[{""crop_index"": 0, ""crop_path"": "".kestrel\\crop\\IMG_6948_crop_0.jpg"", ""detection_index"": 0, ""detection_confidence"": 0.9970694184303284, ""species"": ""Mourning Dove"", ""species_confidence"": 0.8806261420249939, ""family"": ""Pigeon/Dove sp."", ""family_confidence"": 0.9824483394622803, ""quality"": 0.27356864598971237, ""rating"": 2, ""exposure_correction"": 1.3939, ""exposure_pipeline"": ""no_auto_bright_metered_v1"", ""exposure_subject_stops"": 0.4928, ""exposure_meter_scale"": 1.867535, ""bbox"": {""x_min"": 2811, ""x_max"": 5476, ""y_min"": 1761, ""y_max"": 4426, ""width"": 2665, ""height"": 2665, ""x_min_norm"": 0.4024914089347079, ""x_max_norm"": 0.784077892325315, ""y_min_norm"": 0.3778969957081545, ""y_max_norm"": 0.9497854077253219, ""x_center_norm"": 0.5932846506300115, ""y_center_norm"": 0.6638412017167382}}]",0,3,-1.0,-1.0,-1.0,-1.0,True,"[""Mourning Dove""]",[0.8806261420249939],"[""Pigeon/Dove sp.""]",[0.9824483394622803],1.3939,no_auto_bright_metered_v1,0.4928,1.867535,[0.9970694184303284],2026-04-02T07:35:02,landscape
IMG_6949.CR3,Mourning Dove,0.25544941425323486,Cuckoo/Roadrunner sp.,0.397541344165802,0.4424518322273136,.kestrel\export\IMG_6949_export.jpg,.kestrel\crop\IMG_6949_crop_0.jpg,"[{""crop_index"": 0, ""crop_path"": "".kestrel\\crop\\IMG_6949_crop_0.jpg"", ""detection_index"": 0, ""detection_confidence"": 0.984914243221283, ""species"": ""Mourning Dove"", ""species_confidence"": 0.25544941425323486, ""family"": ""Cuckoo/Roadrunner sp."", ""family_confidence"": 0.397541344165802, ""quality"": 0.4424518322273136, ""rating"": 3, ""exposure_correction"": 1.2657, ""exposure_pipeline"": ""no_auto_bright_metered_v1"", ""exposure_subject_stops"": 0.3992, ""exposure_meter_scale"": 1.823256, ""bbox"": {""x_min"": 2115, ""x_max"": 5668, ""y_min"": 577, ""y_max"": 4130, ""width"": 3553, ""height"": 3553, ""x_min_norm"": 0.30283505154639173, ""x_max_norm"": 0.8115693012600229, ""y_min_norm"": 0.12381974248927038, ""y_max_norm"": 0.8862660944206009, ""x_center_norm"": 0.5572021764032073, ""y_center_norm"": 0.5050429184549357}}]",0,3,0.11812627291242363,0.6366666666666667,0,0,True,"[""Mourning Dove""]",[0.25544941425323486],"[""Cuckoo/Roadrunner sp.""]",[0.397541344165802],1.2657,no_auto_bright_metered_v1,0.3992,1.823256,[0.984914243221283],2026-04-02T07:35:03,landscape
IMG_6950.CR3,Mourning Dove,0.6096010208129883,Pigeon/Dove sp.,0.8402589559555054,0.7321859198575836,.kestrel\export\IMG_6950_export.jpg,.kestrel\crop\IMG_6950_crop_0.jpg,"[{""crop_index"": 0, ""crop_path"": "".kestrel\\crop\\IMG_6950_crop_0.jpg"", ""detection_index"": 0, ""detection_confidence"": 0.927518904209137, ""species"": ""Mourning Dove"", ""species_confidence"": 0.6096010208129883, ""family"": ""Pigeon/Dove sp."", ""family_confidence"": 0.8402589559555054, ""quality"": 0.7321859198575836, ""rating"": 4, ""exposure_correction"": 1.2654, ""exposure_pipeline"": ""no_auto_bright_metered_v1"", ""exposure_subject_stops"": 0.3816, ""exposure_meter_scale"": 1.845208, ""bbox"": {""x_min"": 2314, ""x_max"": 5575, ""y_min"": 809, ""y_max"": 4070, ""width"": 3261, ""height"": 3261, ""x_min_norm"": 0.3313287514318442, ""x_max_norm"": 0.7982531500572738, ""y_min_norm"": 0.17360515021459227, ""y_max_norm"": 0.8733905579399142, ""x_center_norm"": 0.564790950744559, ""y_center_norm"": 0.5234978540772532}}]",0,3,-1.0,-1.0,-1.0,-1.0,True,"[""Mourning Dove""]",[0.6096010208129883],"[""Pigeon/Dove sp.""]",[0.8402589559555054],1.2654,no_auto_bright_metered_v1,0.3816,1.845208,[0.927518904209137],2026-04-02T07:35:04,landscape
IMG_6951.CR3,Mourning Dove,0.3130006194114685,Pigeon/Dove sp.,0.37777188420295715,0.5949117382860618,.kestrel\export\IMG_6951_export.jpg,.kestrel\crop\IMG_6951_crop_0.jpg,"[{""crop_index"": 0, ""crop_path"": "".kestrel\\crop\\IMG_6951_crop_0.jpg"", ""detection_index"": 0, ""detection_confidence"": 0.9313302636146545, ""species"": ""Mourning Dove"", ""species_confidence"": 0.3130006194114685, ""family"": ""Pigeon/Dove sp."", ""family_confidence"": 0.37777188420295715, ""quality"": 0.5949117382860618, ""rating"": 3, ""exposure_correction"": 1.3928, ""exposure_pipeline"": ""no_auto_bright_metered_v1"", ""exposure_subject_stops"": 0.4963, ""exposure_meter_scale"": 1.861567, ""bbox"": {""x_min"": 2339, ""x_max"": 5635, ""y_min"": 856, ""y_max"": 4152, ""width"": 3296, ""height"": 3296, ""x_min_norm"": 0.3349083619702176, ""x_max_norm"": 0.80684421534937, ""y_min_norm"": 0.18369098712446352, ""y_max_norm"": 0.8909871244635194, ""x_center_norm"": 0.5708762886597938, ""y_center_norm"": 0.5373390557939914}}]",0,3,0.15333333333333332,1.0,0,0,True,"[""Mourning Dove""]",[0.3130006194114685],"[""Pigeon/Dove sp.""]",[0.37777188420295715],1.3928,no_auto_bright_metered_v1,0.4963,1.861567,[0.9313302636146545],2026-04-02T07:35:05,landscape
IMG_6952.CR3,Mourning Dove,0.5123029947280884,Pigeon/Dove sp.,0.7120072841644287,0.6043094221036671,.kestrel\export\IMG_6952_export.jpg,.kestrel\crop\IMG_6952_crop_0.jpg,"[{""crop_index"": 0, ""crop_path"": "".kestrel\\crop\\IMG_6952_crop_0.jpg"", ""detection_index"": 0, ""detection_confidence"": 0.9771018624305725, ""species"": ""Mourning Dove"", ""species_confidence"": 0.5123029947280884, ""family"": ""Pigeon/Dove sp."", ""family_confidence"": 0.7120072841644287, ""quality"": 0.6043094221036671, ""rating"": 4, ""exposure_correction"": 1.3848, ""exposure_pipeline"": ""no_auto_bright_metered_v1"", ""exposure_subject_stops"": 0.5063, ""exposure_meter_scale"": 1.838491, ""bbox"": {""x_min"": 2309, ""x_max"": 5558, ""y_min"": 657, ""y_max"": 3906, ""width"": 3249, ""height"": 3249, ""x_min_norm"": 0.3306128293241695, ""x_max_norm"": 0.7958190148911798, ""y_min_norm"": 0.14098712446351933, ""y_max_norm"": 0.8381974248927039, ""x_center_norm"": 0.5632159221076747, ""y_center_norm"": 0.48959227467811156}}]",0,3,-1.0,-1.0,-1.0,-1.0,True,"[""Mourning Dove""]",[0.5123029947280884],"[""Pigeon/Dove sp.""]",[0.7120072841644287],1.3848,no_auto_bright_metered_v1,0.5063,1.838491,[0.9771018624305725],2026-04-02T07:35:06,landscape
IMG_6953.CR3,Mourning Dove,0.3527762293815613,Pigeon/Dove sp.,0.4547896981239319,0.604442311984896,.kestrel\export\IMG_6953_export.jpg,.kestrel\crop\IMG_6953_crop_0.jpg,"[{""crop_index"": 0, ""crop_path"": "".kestrel\\crop\\IMG_6953_crop_0.jpg"", ""detection_index"": 0, ""detection_confidence"": 0.9915516376495361, ""species"": ""Mourning Dove"", ""species_confidence"": 0.3527762293815613, ""family"": ""Pigeon/Dove sp."", ""family_confidence"": 0.4547896981239319, ""quality"": 0.604442311984896, ""rating"": 4, ""exposure_correction"": 1.2842, ""exposure_pipeline"": ""no_auto_bright_metered_v1"", ""exposure_subject_stops"": 0.5035, ""exposure_meter_scale"": 1.717938, ""bbox"": {""x_min"": 2326, ""x_max"": 5645, ""y_min"": 307, ""y_max"": 3626, ""width"": 3319, ""height"": 3319, ""x_min_norm"": 0.33304696449026344, ""x_max_norm"": 0.8082760595647194, ""y_min_norm"": 0.06587982832618025, ""y_max_norm"": 0.7781115879828326, ""x_center_norm"": 0.5706615120274914, ""y_center_norm"": 0.42199570815450643}}]",0,3,-1.0,-1.0,-1.0,-1.0,True,"[""Mourning Dove""]",[0.3527762293815613],"[""Pigeon/Dove sp.""]",[0.4547896981239319],1.2842,no_auto_bright_metered_v1,0.5035,1.717938,[0.9915516376495361],2026-04-02T07:35:07,landscape
IMG_6954.CR3,Mourning Dove,0.32647648453712463,Pigeon/Dove sp.,0.49351388216018677,0.603438428465119,.kestrel\export\IMG_6954_export.jpg,.kestrel\crop\IMG_6954_crop_0.jpg,"[{""crop_index"": 0, ""crop_path"": "".kestrel\\crop\\IMG_6954_crop_0.jpg"", ""detection_index"": 0, ""detection_confidence"": 0.9643113613128662, ""species"": ""Mourning Dove"", ""species_confidence"": 0.32647648453712463, ""family"": ""Pigeon/Dove sp."", ""family_confidence"": 0.49351388216018677, ""quality"": 0.603438428465119, ""rating"": 4, ""exposure_correction"": 1.6655, ""exposure_pipeline"": ""no_auto_bright_metered_v1"", ""exposure_subject_stops"": 0.5703, ""exposure_meter_scale"": 2.136534, ""bbox"": {""x_min"": 2319, ""x_max"": 5591, ""y_min"": 210, ""y_max"": 3482, ""width"": 3272, ""height"": 3272, ""x_min_norm"": 0.3320446735395189, ""x_max_norm"": 0.8005441008018328, ""y_min_norm"": 0.045064377682403435, ""y_max_norm"": 0.7472103004291846, ""x_center_norm"": 0.5662943871706758, ""y_center_norm"": 0.396137339055794}}]",0,3,-1.0,-1.0,-1.0,-1.0,True,"[""Mourning Dove""]",[0.32647648453712463],"[""Pigeon/Dove sp.""]",[0.49351388216018677],1.6655,no_auto_bright_metered_v1,0.5703,2.136534,[0.9643113613128662],2026-04-02T07:35:08,landscape
IMG_6955.CR3,Mourning Dove,0.7181112766265869,Pigeon/Dove sp.,0.8862000703811646,0.6153745081003456,.kestrel\export\IMG_6955_export.jpg,.kestrel\crop\IMG_6955_crop_0.jpg,"[{""crop_index"": 0, ""crop_path"": "".kestrel\\crop\\IMG_6955_crop_0.jpg"", ""detection_index"": 0, ""detection_confidence"": 0.9957343935966492, ""species"": ""Mourning Dove"", ""species_confidence"": 0.7181112766265869, ""family"": ""Pigeon/Dove sp."", ""family_confidence"": 0.8862000703811646, ""quality"": 0.6153745081003456, ""rating"": 4, ""exposure_correction"": 1.6913, ""exposure_pipeline"": ""no_auto_bright_metered_v1"", ""exposure_subject_stops"": 0.538, ""exposure_meter_scale"": 2.224277, ""bbox"": {""x_min"": 2873, ""x_max"": 6134, ""y_min"": 654, ""y_max"": 3915, ""width"": 3261, ""height"": 3261, ""x_min_norm"": 0.411368843069874, ""x_max_norm"": 0.8782932416953035, ""y_min_norm"": 0.14034334763948497, ""y_max_norm"": 0.8401287553648069, ""x_center_norm"": 0.6448310423825888, ""y_center_norm"": 0.49023605150214594}}]",0,3,-1.0,-1.0,-1.0,-1.0,True,"[""Mourning Dove""]",[0.7181112766265869],"[""Pigeon/Dove sp.""]",[0.8862000703811646],1.6913,no_auto_bright_metered_v1,0.538,2.224277,[0.9957343935966492],2026-04-02T07:35:09,landscape
IMG_6956.CR3,Mourning Dove,0.4186921715736389,Pigeon/Dove sp.,0.8363136053085327,0.6298945929142461,.kestrel\export\IMG_6956_export.jpg,.kestrel\crop\IMG_6956_crop_0.jpg,"[{""crop_index"": 0, ""crop_path"": "".kestrel\\crop\\IMG_6956_crop_0.jpg"", ""detection_index"": 0, ""detection_confidence"": 0.9907554984092712, ""species"": ""Mourning Dove"", ""species_confidence"": 0.4186921715736389, ""family"": ""Pigeon/Dove sp."", ""family_confidence"": 0.8363136053085327, ""quality"": 0.6298945929142461, ""rating"": 4, ""exposure_correction"": 1.6969, ""exposure_pipeline"": ""no_auto_bright_metered_v1"", ""exposure_subject_stops"": 0.5391, ""exposure_meter_scale"": 2.231241, ""bbox"": {""x_min"": 2864, ""x_max"": 6066, ""y_min"": 749, ""y_max"": 3951, ""width"": 3202, ""height"": 3202, ""x_min_norm"": 0.41008018327605955, ""x_max_norm"": 0.8685567010309279, ""y_min_norm"": 0.16072961373390557, ""y_max_norm"": 0.8478540772532189, ""x_center_norm"": 0.6393184421534936, ""y_center_norm"": 0.5042918454935622}}]",0,3,-1.0,-1.0,-1.0,-1.0,True,"[""Mourning Dove""]",[0.4186921715736389],"[""Pigeon/Dove sp.""]",[0.8363136053085327],1.6969,no_auto_bright_metered_v1,0.5391,2.231241,[0.9907554984092712],2026-04-02T07:35:10,landscape
IMG_6957.CR3,Mourning Dove,0.580292284488678,Pigeon/Dove sp.,0.7421754598617554,0.6899316241146175,.kestrel\export\IMG_6957_export.jpg,.kestrel\crop\IMG_6957_crop_0.jpg,"[{""crop_index"": 0, ""crop_path"": "".kestrel\\crop\\IMG_6957_crop_0.jpg"", ""detection_index"": 0, ""detection_confidence"": 0.9274709820747375, ""species"": ""Mourning Dove"", ""species_confidence"": 0.580292284488678, ""family"": ""Pigeon/Dove sp."", ""family_confidence"": 0.7421754598617554, ""quality"": 0.6899316241146175, ""rating"": 4, ""exposure_correction"": 1.5512, ""exposure_pipeline"": ""no_auto_bright_metered_v1"", ""exposure_subject_stops"": 0.5217, ""exposure_meter_scale"": 2.041358, ""bbox"": {""x_min"": 2882, ""x_max"": 6084, ""y_min"": 696, ""y_max"": 3898, ""width"": 3202, ""height"": 3202, ""x_min_norm"": 0.4126575028636884, ""x_max_norm"": 0.8711340206185567, ""y_min_norm"": 0.14935622317596567, ""y_max_norm"": 0.836480686695279, ""x_center_norm"": 0.6418957617411226, ""y_center_norm"": 0.4929184549356223}}]",0,3,-1.0,-1.0,-1.0,-1.0,True,"[""Mourning Dove""]",[0.580292284488678],"[""Pigeon/Dove sp.""]",[0.7421754598617554],1.5512,no_auto_bright_metered_v1,0.5217,2.041358,[0.9274709820747375],2026-04-02T07:35:11,landscape
IMG_7392.CR3,Northern Mockingbird,0.999695897102356,Mockingbird/Thrasher sp.,0.999710202217102,0.5042430004432508,.kestrel\export\IMG_7392_export.jpg,.kestrel\crop\IMG_7392_crop_0.jpg,"[{""crop_index"": 0, ""crop_path"": "".kestrel\\crop\\IMG_7392_crop_0.jpg"", ""detection_index"": 0, ""detection_confidence"": 0.9995874762535095, ""species"": ""Northern Mockingbird"", ""species_confidence"": 0.999695897102356, ""family"": ""Mockingbird/Thrasher sp."", ""family_confidence"": 0.999710202217102, ""quality"": 0.5042430004432508, ""rating"": 3, ""exposure_correction"": -0.5857, ""exposure_pipeline"": ""no_auto_bright_metered_v1"", ""exposure_subject_stops"": -0.4611, ""exposure_meter_scale"": 0.917255, ""bbox"": {""x_min"": 1923, ""x_max"": 5698, ""y_min"": 17, ""y_max"": 3792, ""width"": 3775, ""height"": 3775, ""x_min_norm"": 0.27534364261168387, ""x_max_norm"": 0.815864833906071, ""y_min_norm"": 0.003648068669527897, ""y_max_norm"": 0.8137339055793992, ""x_center_norm"": 0.5456042382588774, ""y_center_norm"": 0.4086909871244635}}]",0,4,0.0,1.0,0,0,False,"[""Northern Mockingbird""]",[0.999695897102356],"[""Mockingbird/Thrasher sp.""]",[0.999710202217102],-0.5857,no_auto_bright_metered_v1,-0.4611,0.917255,[0.9995874762535095],2026-04-02T08:15:00,landscape
IMG_7393.CR3,Northern Mockingbird,0.9994651675224304,Mockingbird/Thrasher sp.,0.999473512172699,0.3728638269869628,.kestrel\export\IMG_7393_export.jpg,.kestrel\crop\IMG_7393_crop_0.jpg,"[{""crop_index"": 0, ""crop_path"": "".kestrel\\crop\\IMG_7393_crop_0.jpg"", ""detection_index"": 0, ""detection_confidence"": 0.9982548356056213, ""species"": ""Northern Mockingbird"", ""species_confidence"": 0.9994651675224304, ""family"": ""Mockingbird/Thrasher sp."", ""family_confidence"": 0.999473512172699, ""quality"": 0.3728638269869628, ""rating"": 2, ""exposure_correction"": -0.5957, ""exposure_pipeline"": ""no_auto_bright_metered_v1"", ""exposure_subject_stops"": -0.4589, ""exposure_meter_scale"": 0.909496, ""bbox"": {""x_min"": 1917, ""x_max"": 5399, ""y_min"": 0, ""y_max"": 3482, ""width"": 3482, ""height"": 3482, ""x_min_norm"": 0.27448453608247425, ""x_max_norm"": 0.7730526918671249, ""y_min_norm"": 0.0, ""y_max_norm"": 0.7472103004291846, ""x_center_norm"": 0.5237686139747996, ""y_center_norm"": 0.3736051502145923}}]",0,4,-1.0,-1.0,-1.0,-1.0,True,"[""Northern Mockingbird""]",[0.9994651675224304],"[""Mockingbird/Thrasher sp.""]",[0.999473512172699],-0.5957,no_auto_bright_metered_v1,-0.4589,0.909496,[0.9982548356056213],2026-04-02T08:15:01,landscape
IMG_7394.CR3,Northern Mockingbird,0.9805190563201904,Mockingbird/Thrasher sp.,0.980604887008667,0.784954333383016,.kestrel\export\IMG_7394_export.jpg,.kestrel\crop\IMG_7394_crop_0.jpg,"[{""crop_index"": 0, ""crop_path"": "".kestrel\\crop\\IMG_7394_crop_0.jpg"", ""detection_index"": 0, ""detection_confidence"": 0.9992967844009399, ""species"": ""Northern Mockingbird"", ""species_confidence"": 0.9805190563201904, ""family"": ""Mockingbird/Thrasher sp."", ""family_confidence"": 0.980604887008667, ""quality"": 0.784954333383016, ""rating"": 4, ""exposure_correction"": -0.5766, ""exposure_pipeline"": ""no_auto_bright_metered_v1"", ""exposure_subject_stops"": -0.4203, ""exposure_meter_scale"": 0.897353, ""bbox"": {""x_min"": 2244, ""x_max"": 4839, ""y_min"": 792, ""y_max"": 3387, ""width"": 2595, ""height"": 2595, ""x_min_norm"": 0.32130584192439865, ""x_max_norm"": 0.6928694158075601, ""y_min_norm"": 0.16995708154506436, ""y_max_norm"": 0.726824034334764, ""x_center_norm"": 0.5070876288659794, ""y_center_norm"": 0.44839055793991417}}]",0,4,-1.0,-1.0,-1.0,-1.0,True,"[""Northern Mockingbird""]",[0.9805190563201904],"[""Mockingbird/Thrasher sp.""]",[0.980604887008667],-0.5766,no_auto_bright_metered_v1,-0.4203,0.897353,[0.9992967844009399],2026-04-02T08:15:02,landscape
IMG_7395.CR3,Northern Mockingbird,0.9989559650421143,Mockingbird/Thrasher sp.,0.9990572929382324,0.5414747675259908,.kestrel\export\IMG_7395_export.jpg,.kestrel\crop\IMG_7395_crop_0.jpg,"[{""crop_index"": 0, ""crop_path"": "".kestrel\\crop\\IMG_7395_crop_0.jpg"", ""detection_index"": 0, ""detection_confidence"": 0.9991917014122009, ""species"": ""Northern Mockingbird"", ""species_confidence"": 0.9989559650421143, ""family"": ""Mockingbird/Thrasher sp."", ""family_confidence"": 0.9990572929382324, ""quality"": 0.5414747675259908, ""rating"": 3, ""exposure_correction"": -0.553, ""exposure_pipeline"": ""no_auto_bright_metered_v1"", ""exposure_subject_stops"": -0.4578, ""exposure_meter_scale"": 0.936187, ""bbox"": {""x_min"": 2815, ""x_max"": 5620, ""y_min"": 145, ""y_max"": 2950, ""width"": 2805, ""height"": 2805, ""x_min_norm"": 0.40306414662084766, ""x_max_norm"": 0.804696449026346, ""y_min_norm"": 0.03111587982832618, ""y_max_norm"": 0.6330472103004292, ""x_center_norm"": 0.6038802978235968, ""y_center_norm"": 0.3320815450643777}}]",0,4,-1.0,-1.0,-1.0,-1.0,True,"[""Northern Mockingbird""]",[0.9989559650421143],"[""Mockingbird/Thrasher sp.""]",[0.9990572929382324],-0.553,no_auto_bright_metered_v1,-0.4578,0.936187,[0.9991917014122009],2026-04-02T08:15:03,landscape
IMG_7396.CR3,Northern Mockingbird,0.9964955449104309,Mockingbird/Thrasher sp.,0.9974001049995422,0.7558700988167818,.kestrel\export\IMG_7396_export.jpg,.kestrel\crop\IMG_7396_crop_0.jpg,"[{""crop_index"": 0, ""crop_path"": "".kestrel\\crop\\IMG_7396_crop_0.jpg"", ""detection_index"": 0, ""detection_confidence"": 0.9996514320373535, ""species"": ""Northern Mockingbird"", ""species_confidence"": 0.9964955449104309, ""family"": ""Mockingbird/Thrasher sp."", ""family_confidence"": 0.9974001049995422, ""quality"": 0.7558700988167818, ""rating"": 4, ""exposure_correction"": -0.6149, ""exposure_pipeline"": ""no_auto_bright_metered_v1"", ""exposure_subject_stops"": -0.4863, ""exposure_meter_scale"": 0.914698, ""bbox"": {""x_min"": 2452, ""x_max"": 4767, ""y_min"": 935, ""y_max"": 3250, ""width"": 2315, ""height"": 2315, ""x_min_norm"": 0.3510882016036655, ""x_max_norm"": 0.6825601374570447, ""y_min_norm"": 0.20064377682403434, ""y_max_norm"": 0.6974248927038627, ""x_center_norm"": 0.5168241695303551, ""y_center_norm"": 0.4490343347639485}}]",0,4,-1.0,-1.0,-1.0,-1.0,True,"[""Northern Mockingbird""]",[0.9964955449104309],"[""Mockingbird/Thrasher sp.""]",[0.9974001049995422],-0.6149,no_auto_bright_metered_v1,-0.4863,0.914698,[0.9996514320373535],2026-04-02T08:15:04,landscape
IMG_7397.CR3,Northern Mockingbird,0.9962205290794373,Mockingbird/Thrasher sp.,0.996857762336731,0.5870604657423696,.kestrel\export\IMG_7397_export.jpg,.kestrel\crop\IMG_7397_crop_0.jpg,"[{""crop_index"": 0, ""crop_path"": "".kestrel\\crop\\IMG_7397_crop_0.jpg"", ""detection_index"": 0, ""detection_confidence"": 0.9991002082824707, ""species"": ""Northern Mockingbird"", ""species_confidence"": 0.9962205290794373, ""family"": ""Mockingbird/Thrasher sp."", ""family_confidence"": 0.996857762336731, ""quality"": 0.5870604657423696, ""rating"": 3, ""exposure_correction"": -0.6095, ""exposure_pipeline"": ""no_auto_bright_metered_v1"", ""exposure_subject_stops"": -0.4897, ""exposure_meter_scale"": 0.920283, ""bbox"": {""x_min"": 2478, ""x_max"": 4839, ""y_min"": 767, ""y_max"": 3128, ""width"": 2361, ""height"": 2361, ""x_min_norm"": 0.3548109965635739, ""x_max_norm"": 0.6928694158075601, ""y_min_norm"": 0.16459227467811158, ""y_max_norm"": 0.671244635193133, ""x_center_norm"": 0.523840206185567, ""y_center_norm"": 0.4179184549356223}}]",0,4,-1.0,-1.0,-1.0,-1.0,True,"[""Northern Mockingbird""]",[0.9962205290794373],"[""Mockingbird/Thrasher sp.""]",[0.996857762336731],-0.6095,no_auto_bright_metered_v1,-0.4897,0.920283,[0.9991002082824707],2026-04-02T08:15:05,landscape
IMG_7398.CR3,Northern Mockingbird,0.9833616614341736,Mockingbird/Thrasher sp.,0.9834469556808472,0.6462357165569363,.kestrel\export\IMG_7398_export.jpg,.kestrel\crop\IMG_7398_crop_0.jpg,"[{""crop_index"": 0, ""crop_path"": "".kestrel\\crop\\IMG_7398_crop_0.jpg"", ""detection_index"": 0, ""detection_confidence"": 0.9992069602012634, ""species"": ""Northern Mockingbird"", ""species_confidence"": 0.9833616614341736, ""family"": ""Mockingbird/Thrasher sp."", ""family_confidence"": 0.9834469556808472, ""quality"": 0.6462357165569363, ""rating"": 4, ""exposure_correction"": -0.5888, ""exposure_pipeline"": ""no_auto_bright_metered_v1"", ""exposure_subject_stops"": -0.4506, ""exposure_meter_scale"": 0.908638, ""bbox"": {""x_min"": 2391, ""x_max"": 4659, ""y_min"": 1226, ""y_max"": 3494, ""width"": 2268, ""height"": 2268, ""x_min_norm"": 0.34235395189003437, ""x_max_norm"": 0.6670962199312714, ""y_min_norm"": 0.2630901287553648, ""y_max_norm"": 0.7497854077253219, ""x_center_norm"": 0.5047250859106529, ""y_center_norm"": 0.5064377682403434}}]",0,4,-1.0,-1.0,-1.0,-1.0,True,"[""Northern Mockingbird""]",[0.9833616614341736],"[""Mockingbird/Thrasher sp.""]",[0.9834469556808472],-0.5888,no_auto_bright_metered_v1,-0.4506,0.908638,[0.9992069602012634],2026-04-02T08:15:06,landscape
IMG_7399.CR3,Northern Mockingbird,0.9946495890617371,Mockingbird/Thrasher sp.,0.9946966767311096,0.7023960481944822,.kestrel\export\IMG_7399_export.jpg,.kestrel\crop\IMG_7399_crop_0.jpg,"[{""crop_index"": 0, ""crop_path"": "".kestrel\\crop\\IMG_7399_crop_0.jpg"", ""detection_index"": 0, ""detection_confidence"": 0.999415397644043, ""species"": ""Northern Mockingbird"", ""species_confidence"": 0.9946495890617371, ""family"": ""Mockingbird/Thrasher sp."", ""family_confidence"": 0.9946966767311096, ""quality"": 0.7023960481944822, ""rating"": 4, ""exposure_correction"": -0.5843, ""exposure_pipeline"": ""no_auto_bright_metered_v1"", ""exposure_subject_stops"": -0.4528, ""exposure_meter_scale"": 0.9129, ""bbox"": {""x_min"": 2300, ""x_max"": 4661, ""y_min"": 1043, ""y_max"": 3404, ""width"": 2361, ""height"": 2361, ""x_min_norm"": 0.3293241695303551, ""x_max_norm"": 0.6673825887743413, ""y_min_norm"": 0.2238197424892704, ""y_max_norm"": 0.7304721030042919, ""x_center_norm"": 0.49835337915234823, ""y_center_norm"": 0.47714592274678114}}]",0,4,-1.0,-1.0,-1.0,-1.0,True,"[""Northern Mockingbird""]",[0.9946495890617371],"[""Mockingbird/Thrasher sp.""]",[0.9946966767311096],-0.5843,no_auto_bright_metered_v1,-0.4528,0.9129,[0.999415397644043],2026-04-02T08:15:07,landscape
IMG_8378.CR3,Northern Cardinal,0.9334443807601929,Cardinal/Grosbeak/Bunting sp.,0.9955703616142273,0.46145004103510856,.kestrel\export\IMG_8378_export.jpg,.kestrel\crop\IMG_8378_crop_0.jpg,"[{""crop_index"": 0, ""crop_path"": "".kestrel\\crop\\IMG_8378_crop_0.jpg"", ""detection_index"": 0, ""detection_confidence"": 0.9992353916168213, ""species"": ""Northern Cardinal"", ""species_confidence"": 0.9334443807601929, ""family"": ""Cardinal/Grosbeak/Bunting sp."", ""family_confidence"": 0.9955703616142273, ""quality"": 0.46145004103510856, ""rating"": 3, ""exposure_correction"": 1.4437, ""exposure_pipeline"": ""no_auto_bright_metered_v1"", ""exposure_subject_stops"": 1.5924, ""exposure_meter_scale"": 0.902038, ""bbox"": {""x_min"": 2491, ""x_max"": 4198, ""y_min"": 1475, ""y_max"": 3182, ""width"": 1707, ""height"": 1707, ""x_min_norm"": 0.3566723940435281, ""x_max_norm"": 0.6010882016036655, ""y_min_norm"": 0.3165236051502146, ""y_max_norm"": 0.6828326180257511, ""x_center_norm"": 0.4788802978235968, ""y_center_norm"": 0.4996781115879828}}]",0,5,0.0033333333333333335,1.0,0,0,False,"[""Northern Cardinal""]",[0.9334443807601929],"[""Cardinal/Grosbeak/Bunting sp.""]",[0.9955703616142273],1.4437,no_auto_bright_metered_v1,1.5924,0.902038,[0.9992353916168213],2026-04-02T08:25:00,landscape
IMG_8379.CR3,Northern Cardinal,0.9197645783424377,Cardinal/Grosbeak/Bunting sp.,0.9970660209655762,0.4266777384715082,.kestrel\export\IMG_8379_export.jpg,.kestrel\crop\IMG_8379_crop_0.jpg,"[{""crop_index"": 0, ""crop_path"": "".kestrel\\crop\\IMG_8379_crop_0.jpg"", ""detection_index"": 0, ""detection_confidence"": 0.998488187789917, ""species"": ""Northern Cardinal"", ""species_confidence"": 0.9197645783424377, ""family"": ""Cardinal/Grosbeak/Bunting sp."", ""family_confidence"": 0.9970660209655762, ""quality"": 0.4266777384715082, ""rating"": 3, ""exposure_correction"": 1.3081, ""exposure_pipeline"": ""no_auto_bright_metered_v1"", ""exposure_subject_stops"": 1.4563, ""exposure_meter_scale"": 0.902346, ""bbox"": {""x_min"": 2214, ""x_max"": 4026, ""y_min"": 1520, ""y_max"": 3332, ""width"": 1812, ""height"": 1812, ""x_min_norm"": 0.3170103092783505, ""x_max_norm"": 0.5764604810996563, ""y_min_norm"": 0.3261802575107296, ""y_max_norm"": 0.7150214592274678, ""x_center_norm"": 0.44673539518900346, ""y_center_norm"": 0.5206008583690988}}]",0,5,-1.0,-1.0,-1.0,-1.0,True,"[""Northern Cardinal""]",[0.9197645783424377],"[""Cardinal/Grosbeak/Bunting sp.""]",[0.9970660209655762],1.3081,no_auto_bright_metered_v1,1.4563,0.902346,[0.998488187789917],2026-04-02T08:25:01,landscape
IMG_8380.CR3,Northern Cardinal,0.963216245174408,Cardinal/Grosbeak/Bunting sp.,0.9974195957183838,0.4277096562847891,.kestrel\export\IMG_8380_export.jpg,.kestrel\crop\IMG_8380_crop_0.jpg,"[{""crop_index"": 0, ""crop_path"": "".kestrel\\crop\\IMG_8380_crop_0.jpg"", ""detection_index"": 0, ""detection_confidence"": 0.9988148212432861, ""species"": ""Northern Cardinal"", ""species_confidence"": 0.963216245174408, ""family"": ""Cardinal/Grosbeak/Bunting sp."", ""family_confidence"": 0.9974195957183838, ""quality"": 0.4277096562847891, ""rating"": 3, ""exposure_correction"": 1.3042, ""exposure_pipeline"": ""no_auto_bright_metered_v1"", ""exposure_subject_stops"": 1.4568, ""exposure_meter_scale"": 0.899608, ""bbox"": {""x_min"": 2652, ""x_max"": 4464, ""y_min"": 1688, ""y_max"": 3500, ""width"": 1812, ""height"": 1812, ""x_min_norm"": 0.3797250859106529, ""x_max_norm"": 0.6391752577319587, ""y_min_norm"": 0.3622317596566524, ""y_max_norm"": 0.7510729613733905, ""x_center_norm"": 0.5094501718213058, ""y_center_norm"": 0.5566523605150214}}]",0,5,-1.0,-1.0,-1.0,-1.0,True,"[""Northern Cardinal""]",[0.963216245174408],"[""Cardinal/Grosbeak/Bunting sp.""]",[0.9974195957183838],1.3042,no_auto_bright_metered_v1,1.4568,0.899608,[0.9988148212432861],2026-04-02T08:25:02,landscape
IMG_8381.CR3,Northern Cardinal,0.9642673134803772,Cardinal/Grosbeak/Bunting sp.,0.9979276061058044,0.40532510119032406,.kestrel\export\IMG_8381_export.jpg,.kestrel\crop\IMG_8381_crop_0.jpg,"[{""crop_index"": 0, ""crop_path"": "".kestrel\\crop\\IMG_8381_crop_0.jpg"", ""detection_index"": 0, ""detection_confidence"": 0.9968907237052917, ""species"": ""Northern Cardinal"", ""species_confidence"": 0.9642673134803772, ""family"": ""Cardinal/Grosbeak/Bunting sp."", ""family_confidence"": 0.9979276061058044, ""quality"": 0.40532510119032406, ""rating"": 3, ""exposure_correction"": 1.5757, ""exposure_pipeline"": ""no_auto_bright_metered_v1"", ""exposure_subject_stops"": 1.7241, ""exposure_meter_scale"": 0.902249, ""bbox"": {""x_min"": 2228, ""x_max"": 4110, ""y_min"": 1703, ""y_max"": 3585, ""width"": 1882, ""height"": 1882, ""x_min_norm"": 0.3190148911798396, ""x_max_norm"": 0.5884879725085911, ""y_min_norm"": 0.365450643776824, ""y_max_norm"": 0.76931330472103, ""x_center_norm"": 0.45375143184421535, ""y_center_norm"": 0.567381974248927}}]",0,5,-1.0,-1.0,-1.0,-1.0,True,"[""Northern Cardinal""]",[0.9642673134803772],"[""Cardinal/Grosbeak/Bunting sp.""]",[0.9979276061058044],1.5757,no_auto_bright_metered_v1,1.7241,0.902249,[0.9968907237052917],2026-04-02T08:25:03,landscape
IMG_8382.CR3,Northern Cardinal,0.9697948098182678,Cardinal/Grosbeak/Bunting sp.,0.9972735643386841,0.6221116631690079,.kestrel\export\IMG_8382_export.jpg,.kestrel\crop\IMG_8382_crop_0.jpg,"[{""crop_index"": 0, ""crop_path"": "".kestrel\\crop\\IMG_8382_crop_0.jpg"", ""detection_index"": 0, ""detection_confidence"": 0.9988797307014465, ""species"": ""Northern Cardinal"", ""species_confidence"": 0.9697948098182678, ""family"": ""Cardinal/Grosbeak/Bunting sp."", ""family_confidence"": 0.9972735643386841, ""quality"": 0.6221116631690079, ""rating"": 4, ""exposure_correction"": 1.3466, ""exposure_pipeline"": ""no_auto_bright_metered_v1"", ""exposure_subject_stops"": 1.4981, ""exposure_meter_scale"": 0.900348, ""bbox"": {""x_min"": 2440, ""x_max"": 4334, ""y_min"": 1798, ""y_max"": 3692, ""width"": 1894, ""height"": 1894, ""x_min_norm"": 0.34936998854524626, ""x_max_norm"": 0.620561282932417, ""y_min_norm"": 0.38583690987124464, ""y_max_norm"": 0.792274678111588, ""x_center_norm"": 0.4849656357388316, ""y_center_norm"": 0.5890557939914163}}]",0,5,-1.0,-1.0,-1.0,-1.0,True,"[""Northern Cardinal""]",[0.9697948098182678],"[""Cardinal/Grosbeak/Bunting sp.""]",[0.9972735643386841],1.3466,no_auto_bright_metered_v1,1.4981,0.900348,[0.9988797307014465],2026-04-02T08:25:04,landscape
IMG_8383.CR3,Northern Cardinal,0.9564810991287231,Cardinal/Grosbeak/Bunting sp.,0.998624861240387,0.6232945017265846,.kestrel\export\IMG_8383_export.jpg,.kestrel\crop\IMG_8383_crop_0.jpg,"[{""crop_index"": 0, ""crop_path"": "".kestrel\\crop\\IMG_8383_crop_0.jpg"", ""detection_index"": 0, ""detection_confidence"": 0.9991188645362854, ""species"": ""Northern Cardinal"", ""species_confidence"": 0.9564810991287231, ""family"": ""Cardinal/Grosbeak/Bunting sp."", ""family_confidence"": 0.998624861240387, ""quality"": 0.6232945017265846, ""rating"": 4, ""exposure_correction"": 1.5478, ""exposure_pipeline"": ""no_auto_bright_metered_v1"", ""exposure_subject_stops"": 1.6977, ""exposure_meter_scale"": 0.901334, ""bbox"": {""x_min"": 2284, ""x_max"": 4178, ""y_min"": 1804, ""y_max"": 3698, ""width"": 1894, ""height"": 1894, ""x_min_norm"": 0.3270332187857961, ""x_max_norm"": 0.5982245131729668, ""y_min_norm"": 0.3871244635193133, ""y_max_norm"": 0.7935622317596567, ""x_center_norm"": 0.46262886597938147, ""y_center_norm"": 0.5903433476394849}}]",0,5,-1.0,-1.0,-1.0,-1.0,True,"[""Northern Cardinal""]",[0.9564810991287231],"[""Cardinal/Grosbeak/Bunting sp.""]",[0.998624861240387],1.5478,no_auto_bright_metered_v1,1.6977,0.901334,[0.9991188645362854],2026-04-02T08:25:05,landscape
IMG_8384.CR3,Northern Cardinal,0.8753457069396973,Cardinal/Grosbeak/Bunting sp.,0.9940600395202637,0.4263484995291215,.kestrel\export\IMG_8384_export.jpg,.kestrel\crop\IMG_8384_crop_0.jpg,"[{""crop_index"": 0, ""crop_path"": "".kestrel\\crop\\IMG_8384_crop_0.jpg"", ""detection_index"": 0, ""detection_confidence"": 0.998205304145813, ""species"": ""Northern Cardinal"", ""species_confidence"": 0.8753457069396973, ""family"": ""Cardinal/Grosbeak/Bunting sp."", ""family_confidence"": 0.9940600395202637, ""quality"": 0.4263484995291215, ""rating"": 3, ""exposure_correction"": 1.3675, ""exposure_pipeline"": ""no_auto_bright_metered_v1"", ""exposure_subject_stops"": 1.5139, ""exposure_meter_scale"": 0.903485, ""bbox"": {""x_min"": 2434, ""x_max"": 4270, ""y_min"": 1822, ""y_max"": 3658, ""width"": 1836, ""height"": 1836, ""x_min_norm"": 0.34851088201603664, ""x_max_norm"": 0.611397479954181, ""y_min_norm"": 0.3909871244635193, ""y_max_norm"": 0.7849785407725322, ""x_center_norm"": 0.47995418098510884, ""y_center_norm"": 0.5879828326180258}}]",0,5,-1.0,-1.0,-1.0,-1.0,True,"[""Northern Cardinal""]",[0.8753457069396973],"[""Cardinal/Grosbeak/Bunting sp.""]",[0.9940600395202637],1.3675,no_auto_bright_metered_v1,1.5139,0.903485,[0.998205304145813],2026-04-02T08:25:06,landscape
IMG_8385.CR3,Northern Cardinal,0.5283335447311401,Cardinal/Grosbeak/Bunting sp.,0.9905166029930115,0.35384962805040326,.kestrel\export\IMG_8385_export.jpg,.kestrel\crop\IMG_8385_crop_0.jpg,"[{""crop_index"": 0, ""crop_path"": "".kestrel\\crop\\IMG_8385_crop_0.jpg"", ""detection_index"": 0, ""detection_confidence"": 0.9544006586074829, ""species"": ""Northern Cardinal"", ""species_confidence"": 0.5283335447311401, ""family"": ""Cardinal/Grosbeak/Bunting sp."", ""family_confidence"": 0.9905166029930115, ""quality"": 0.35384962805040326, ""rating"": 2, ""exposure_correction"": 1.4942, ""exposure_pipeline"": ""no_auto_bright_metered_v1"", ""exposure_subject_stops"": 1.6432, ""exposure_meter_scale"": 0.901912, ""bbox"": {""x_min"": 3264, ""x_max"": 4960, ""y_min"": 1300, ""y_max"": 2996, ""width"": 1696, ""height"": 1696, ""x_min_norm"": 0.46735395189003437, ""x_max_norm"": 0.7101947308132875, ""y_min_norm"": 0.27896995708154504, ""y_max_norm"": 0.6429184549356223, ""x_center_norm"": 0.588774341351661, ""y_center_norm"": 0.4609442060085837}}]",0,5,-1.0,-1.0,-1.0,-1.0,True,"[""Northern Cardinal""]",[0.5283335447311401],"[""Cardinal/Grosbeak/Bunting sp.""]",[0.9905166029930115],1.4942,no_auto_bright_metered_v1,1.6432,0.901912,"[0.9544006586074829, 0.8212032914161682]",2026-04-02T08:25:07,landscape
IMG_8386.CR3,Northern Cardinal,0.9301325678825378,Cardinal/Grosbeak/Bunting sp.,0.9958184957504272,0.3795483207837205,.kestrel\export\IMG_8386_export.jpg,.kestrel\crop\IMG_8386_crop_0.jpg,"[{""crop_index"": 0, ""crop_path"": "".kestrel\\crop\\IMG_8386_crop_0.jpg"", ""detection_index"": 0, ""detection_confidence"": 0.9971246123313904, ""species"": ""Northern Cardinal"", ""species_confidence"": 0.9301325678825378, ""family"": ""Cardinal/Grosbeak/Bunting sp."", ""family_confidence"": 0.9958184957504272, ""quality"": 0.3795483207837205, ""rating"": 2, ""exposure_correction"": 1.4135, ""exposure_pipeline"": ""no_auto_bright_metered_v1"", ""exposure_subject_stops"": 1.5574, ""exposure_meter_scale"": 0.905038, ""bbox"": {""x_min"": 2986, ""x_max"": 4717, ""y_min"": 1300, ""y_max"": 3031, ""width"": 1731, ""height"": 1731, ""x_min_norm"": 0.42754868270332186, ""x_max_norm"": 0.6754009163802979, ""y_min_norm"": 0.27896995708154504, ""y_max_norm"": 0.6504291845493563, ""x_center_norm"": 0.5514747995418099, ""y_center_norm"": 0.46469957081545066}}]",0,5,-1.0,-1.0,-1.0,-1.0,True,"[""Northern Cardinal""]",[0.9301325678825378],"[""Cardinal/Grosbeak/Bunting sp.""]",[0.9958184957504272],1.4135,no_auto_bright_metered_v1,1.5574,0.905038,[0.9971246123313904],2026-04-02T08:25:08,landscape
